PROD-00001;Synergistic hybrid matrices;3533.44;27;Fitzgerald, Padilla and Caldwell
PROD-00002,Phased incremental model,2341.99,121,Waller, Williams and Graham
PROD-00003,Managed regional interface,1784.74,162,Cruz-Rivera
PROD-00004,Switchable zero administration standardization,5860.54,36,Stevens, Ramirez and Proctor
PROD-00005,Fundamental scalable Internet solution,2450.04,5,Snyder, Martinez and Young
PROD-00006,Compatible even-keeled Internet solution,5242.63,127,Sutton-Henry
PROD-00007,Inverse tangible synergy,NULL,24,Rogers-Bush
PROD-00008,Advanced exuding productivity,896.47,97,Harrell Inc
PROD-00009,Team-oriented multi-state data-warehouse,6688.05,43,Mcdaniel Inc
PROD-00010,Upgradable contextually-based support,6227.91,107,Cooper-Austin
PROD-00011;Multi-lateral holistic info-mediaries;N/A;115;Andrews, Russell and Pearson
PROD-00012,Fundamental zero tolerance success,7389.36,112,Mitchell and Sons
PROD-00013,Down-sized empowering database,817.09,62,Reyes, Howard and Gibson
PROD-00014,Grass-roots object-oriented task-force,7656.74,103,Williams-Ortega
PROD-00015,Fundamental executive flexibility,6094.91,134,Taylor Group
PROD-00016,Automated intangible approach,6696.12,75,Tucker, Blake and Torres
PROD-00017,Streamlined human-resource toolset,2669.64,69,Whitehead-Wallace
PROD-00018,Synergistic full-range collaboration,4292.2,49,Lopez-Patterson
PROD-00019,Networked human-resource function,6186.6,197,Evans and Sons
PROD-00020,Multi-tiered interactive application,7445.02,134,Washington-Garza
PROD-00021;Multi-lateral bandwidth-monitored encoding;3825.38;86;Clarke-Mendoza
PROD-00022,Extended scalable system engine,6742.29,168,Gonzalez Group
PROD-00023,Focused object-oriented encoding,5060.2,7,Johnson, Griffin and Porter
PROD-00024,Synchronized explicit framework,7747.1,77,Roth Group
PROD-00025,Reactive multimedia throughput,2189.16,199,Miller, Torres and Friedman
PROD-00026,Secured non-volatile utilization,2798.49,159,Love-Rivera
PROD-00027,Up-sized bifurcated secured line,6870.0,127,Reed-Turner
PROD-00028,Team-oriented actuating projection,4460.25,182,Parks, Kelly and Hall
PROD-00029,Switchable disintermediate system engine,3644.74,17,Phelps Ltd
PROD-00030,Triple-buffered logistical hierarchy,7030.73,119,Carter Ltd
PROD-00031;Ergonomic mission-critical project;2749.71;75;Thompson, Long and Gomez
PROD-00032,Object-based dynamic moderator,4276.0,103,Davis-Pena
PROD-00033,Synergistic neutral concept,5207.52,62,Cline, James and Miller
PROD-00034,Devolved directional initiative,4144.53,59,Cooper LLC
PROD-00035,Focused contextually-based archive,5309.8,186,Powers, Peters and Burnett
PROD-00036,Distributed secondary challenge,7265.86,53,Clayton-Hall
PROD-00037,Mandatory directional archive,1193.35,83,Gonzales, Miller and Silva
PROD-00038,Open-source uniform capability,3105.01,29,Pratt-Beard
PROD-00039,Secured directional paradigm,6168.99,21,Miller, Cortez and Cannon
PROD-00040,Mandatory real-time secured line,4370.54,19,Mendez, Wilson and Caldwell
PROD-00041;Enhanced web-enabled approach;3696.83;103;Mcdonald Group
PROD-00042,Proactive transitional collaboration,2755.32,19,Lopez-Jennings
PROD-00043,Ergonomic grid-enabled portal,3996.02,14,Ferguson, Buckley and Solis
PROD-00044,Organic client-driven ability,4323.16,171,Richard LLC
PROD-00045,Inverse systemic collaboration,5398.24,22,Campos LLC
PROD-00046,Universal mission-critical process improvement,2874.53,40,Wright, Beltran and Kramer
PROD-00047,Team-oriented multi-tasking capability,3499.73,1,Campos LLC
PROD-00048,Multi-layered transitional framework,3897.45,186,Clark PLC
PROD-00049,Open-architected needs-based hierarchy,6443.38,166,Roth and Sons
PROD-00050,Persistent coherent database,5132.1,85,Nelson, Nichols and Smith
PROD-00051;Adaptive multi-state algorithm;284.11;137;Burke-Holmes
PROD-00052,Multi-lateral composite support,3253.5,40,Mack-Parker
PROD-00053,Cross-platform heuristic ability,6353.78,105,Hartman-Walker
PROD-00054,Realigned asynchronous contingency,268.07,63,Brown, Gibson and Russell
PROD-00055,Synergized tangible website,1182.68,93,Walsh, Lee and Phillips
PROD-00056,Cloned exuding database,929.84,108,Sutton-Barton
PROD-00057,Extended well-modulated knowledgebase,4663.82,146,Young-Mann
PROD-00058,Cross-platform 4thgeneration access,,N/A,Fischer, Mccarty and Newman
PROD-00059,Networked mobile migration,1092.08,18,Richard PLC
PROD-00060,Fundamental homogeneous Graphical User Interface,301.18,,Thompson-Hess
PROD-00061;Re-contextualized explicit paradigm;6975.56;194;Macias-Patterson
PROD-00062,Diverse executive definition,7701.46,33,Jackson, Branch and Dalton
PROD-00063,Future-proofed holistic matrix,2206.2,160,Evans-Warner
PROD-00064,Re-contextualized content-based workforce,2736.12,36,Duke-Higgins
PROD-00065,Innovative motivating benchmark,2854.48,130,Adams Group
PROD-00066,Reverse-engineered bandwidth-monitored adapter,6923.81,197,Parker Inc
PROD-00067,Operative demand-driven algorithm,4078.64,140,Roberts-Rogers
PROD-00068,Versatile bifurcated toolset,5026.03,31,Jones, Brown and Olson
PROD-00069,Synchronized grid-enabled archive,4539.11,108,Cameron-Davis
PROD-00070,Stand-alone dedicated emulation,1899.8,131,Harding, Hamilton and Poole
PROD-00071;Configurable 5thgeneration architecture;4205.08;163;Fernandez, Peterson and Davis
PROD-00072,Open-architected mobile Graphical User Interface,6128.24,25,Nelson, Mitchell and Booker
PROD-00073,Ameliorated reciprocal attitude,60.54,70,Parrish Group
PROD-00074,Universal high-level customer loyalty,2871.95,199,Bates Inc
PROD-00075,Team-oriented solution-oriented utilization,5050.7,54,Cortez PLC
PROD-00076,Operative neutral open architecture,2330.73,180,Pena Ltd
PROD-00077,Intuitive secondary synergy,2724.64,123,Harrison-Hall
PROD-00078,Mandatory bi-directional access,1051.26,71,Rodriguez and Sons
PROD-00079,Down-sized dynamic adapter,3057.6,131,Mosley-Arnold
PROD-00080,Cross-platform interactive neural-net,5101.49,60,Daniels-Williams
PROD-00081;Phased leadingedge algorithm;798.04;0;Perez-Rivera
PROD-00082,Extended responsive moratorium,1385.64,7,Foster, Thomas and Clark
PROD-00083,Cross-group explicit groupware,N/A,169,Grant Group
PROD-00084,Down-sized demand-driven analyzer,7107.57,162,Hayes, Romero and Thompson
PROD-00085,Object-based tangible capacity,2540.12,81,Nguyen, Johnson and Zimmerman
PROD-00086,Switchable disintermediate intranet,3946.1,134,Ramirez, Jackson and Blair
PROD-00087,Networked scalable neural-net,NULL,4,Blair LLC
PROD-00088,Persevering next generation attitude,6956.01,71,Gibbs-Russo
PROD-00089,Proactive content-based archive,3298.65,,Mitchell Group
PROD-00090,Innovative mobile neural-net,4544.98,27,Bolton-Kelley
PROD-00091;Synergized analyzing hierarchy;7290.66;199;Mack-Doyle
PROD-00092,Mandatory client-server matrix,1352.29,70,Cardenas, Lopez and Murillo
PROD-00093,Synergistic solution-oriented customer loyalty,7126.35,79,Miller PLC
PROD-00094,Cross-platform foreground data-warehouse,3773.08,129,Mcclain Group
PROD-00095,Upgradable neutral data-warehouse,1248.02,98,Harris, Spears and Ellis
PROD-00096,Profit-focused transitional protocol,6196.38,113,Fox LLC
PROD-00097,Organized multi-state info-mediaries,6851.97,182,Hicks, Freeman and Baker
PROD-00098,Balanced bottom-line Graphic Interface,6305.19,98,Cummings PLC
PROD-00099,Switchable systemic pricing structure,557.81,17,Anderson-Wong
PROD-00100,Public-key real-time moratorium,7728.97,99,Hoffman-Hammond
PROD-00101;Re-engineered mission-critical methodology;7838.24;158;Williams Inc
PROD-00102,Robust full-range migration,6659.58,38,Buchanan-Miller
PROD-00103,Quality-focused full-range pricing structure,5283.59,155,Sanchez Ltd
PROD-00104,User-centric coherent project,5618.55,126,Oneill, Castro and Dawson
PROD-00105,Sharable optimal model,4963.65,133,Schultz Ltd
PROD-00106,Extended bi-directional moderator,1525.5,5,Wiley, Hamilton and Lewis
PROD-00107,Reverse-engineered attitude-oriented collaboration,5681.85,177,Chan and Sons
PROD-00108,Extended stable collaboration,204.52,11,Estrada Ltd
PROD-00109,Polarized logistical system engine,7957.54,52,Caldwell Ltd
PROD-00110,Digitized 4thgeneration hub,5252.95,48,Buckley, Lewis and Carney
PROD-00111;Vision-oriented uniform focus group;6465.87;104;Holden, Morrison and Wright
PROD-00112,Multi-tiered next generation product,4437.44,175,Stark-Hill
PROD-00113,Re-engineered modular strategy,6246.45,124,Turner-Rose
PROD-00114,Business-focused bifurcated challenge,4334.89,6,Lee LLC
PROD-00115,Grass-roots web-enabled algorithm,2199.1,51,Rice-Lowe
PROD-00116,Ergonomic maximized moratorium,7634.8,73,Williams LLC
PROD-00117,Organized mobile Internet solution,7647.88,158,Adams, Leonard and Miller
PROD-00118,Reverse-engineered multimedia protocol,2751.71,130,Montgomery, Adams and Martinez
PROD-00119,Mandatory static frame,5580.21,159,Lin, Proctor and Bell
PROD-00120,Inverse contextually-based superstructure,1367.38,30,Carpenter-Sampson
PROD-00121;Synchronized cohesive protocol;4880.68;64;Burch, Rangel and Jones
PROD-00122,De-engineered reciprocal Graphic Interface,7011.3,30,Arnold-Mahoney
PROD-00123,De-engineered asymmetric encryption,2553.18,195,Palmer-Johnson
PROD-00124,Organic impactful approach,4898.65,38,Smith Inc
PROD-00125,Progressive real-time hardware,1242.18,39,Young Ltd
PROD-00126,Cross-platform full-range product,1159.99,48,Spencer-Kirby
PROD-00127,Persistent national website,6513.51,68,George, Lin and Woods
PROD-00128,Persevering clear-thinking architecture,2486.85,150,Lyons-Whitehead
PROD-00129,Secured intermediate product,6113.54,78,Collins, Rodriguez and Green
PROD-00130,Visionary system-worthy protocol,2449.35,78,Schwartz, Hunt and Gibson
PROD-00131;Customizable context-sensitive function;546.35;36;Braun-Mckee
PROD-00132,Customizable analyzing Graphical User Interface,2860.76,18,Page LLC
PROD-00133,Customizable 5thgeneration open system,3232.48,125,Aguirre, Moreno and Ho
PROD-00134,Public-key tangible extranet,100.5,141,Nguyen-Rodriguez
PROD-00135,Future-proofed fresh-thinking adapter,3199.79,66,James-Nichols
PROD-00136,Diverse mission-critical flexibility,5459.19,158,Austin, Hooper and Castaneda
PROD-00137,Cross-platform actuating monitoring,307.34,175,Rosales-Rivers
PROD-00138,Universal contextually-based application,5859.1,183,Brown-Galvan
PROD-00139,Digitized composite archive,2642.97,88,Potter Inc
PROD-00140,Polarized multimedia Graphic Interface,,82,Hodges, Robinson and Johnson
PROD-00141;Virtual optimal data-warehouse;5416.81;1;Torres-Mitchell
PROD-00142,Re-contextualized 6thgeneration flexibility,5559.32,190,Yates PLC
PROD-00143,Switchable optimizing interface,4387.83,155,Griffin-Walls
PROD-00144,Function-based bandwidth-monitored architecture,3423.41,1,Castillo Group
PROD-00145,Devolved optimal infrastructure,6622.24,52,Mcintosh, Alvarez and Smith
PROD-00146,Future-proofed holistic installation,3590.87,44,King, Mccormick and Thomas
PROD-00147,Multi-layered object-oriented Graphical User Interface,7668.44,NULL,Gutierrez, Randall and Morris
PROD-00148,Reactive radical function,5785.81,121,Wilson, Page and Thomas
PROD-00149,Customizable modular task-force,223.9,42,Grant-Bruce
PROD-00150,Seamless real-time artificial intelligence,2590.52,20,Garcia-Fleming
PROD-00151;Sharable even-keeled data-warehouse;828.91;46;Rasmussen-Barnes
PROD-00152,Cloned bottom-line groupware,3427.28,121,Irwin PLC
PROD-00153,Quality-focused secondary pricing structure,2145.9,190,Garcia-Olsen
PROD-00154,User-centric multi-state pricing structure,3537.34,73,Rhodes-Lee
PROD-00155,Open-source asymmetric productivity,5281.38,185,Bennett, James and Daniel
PROD-00156,Re-engineered well-modulated core,4180.62,22,Perry, Schneider and Buckley
PROD-00157,Robust attitude-oriented firmware,7614.48,198,Gibson Group
PROD-00158,Synchronized 5thgeneration complexity,5024.43,160,White, Warren and Smith
PROD-00159,Multi-layered bandwidth-monitored application,6920.92,1,Mckee-Nichols
PROD-00160,Synchronized zero-defect utilization,1611.07,178,Anderson-Cooper
PROD-00161;Stand-alone content-based challenge;2343.66;114;Gray and Sons
PROD-00162,Function-based client-server knowledge user,2384.34,48,Walter, Butler and Bailey
PROD-00163,Adaptive composite solution,1055.8,20,Mitchell-Griffin
PROD-00164,Balanced empowering forecast,2642.72,141,Wright, Garcia and Acevedo
PROD-00165,Re-engineered web-enabled projection,6719.4,110,Robinson, Ward and Lopez
PROD-00166,Universal 6thgeneration encoding,,11,Silva, Raymond and Allen
PROD-00167,Secured stable conglomeration,5136.36,86,Walsh-Rodgers
PROD-00168,Streamlined radical encoding,1364.95,118,Jensen and Sons
PROD-00169,Digitized holistic framework,2020.62,33,Taylor, Avila and Brown
PROD-00170,Optional zero-defect data-warehouse,1889.14,60,Johnson Inc
PROD-00171;Multi-channeled transitional concept;4980.23;115;Ross-Haynes
PROD-00172,Proactive system-worthy function,326.85,47,Parker-Strickland
PROD-00173,Reverse-engineered explicit methodology,5215.45,184,Davis PLC
PROD-00174,Automated executive ability,7503.39,74,Moore, Perkins and Harris
PROD-00175,Versatile homogeneous Local Area Network,1046.15,69,Gutierrez, Willis and Garcia
PROD-00176,Future-proofed zero administration moratorium,6696.96,197,Villegas-Mckinney
PROD-00177,Right-sized tangible moderator,4122.11,180,Cooper-Benjamin
PROD-00178,Persevering discrete definition,7326.81,5,Mueller-Carrillo
PROD-00179,Expanded tertiary hardware,3421.42,88,Bernard-Bowen
PROD-00180,Upgradable 5thgeneration website,147.88,128,Robinson Group
PROD-00181;Compatible attitude-oriented array;5266.92;12;Luna, Alvarez and Hicks
PROD-00182,Cross-group client-server superstructure,7961.82,189,Pruitt, Blankenship and Hayes
PROD-00183,Monitored background projection,477.16,44,Brown-Martinez
PROD-00184,Team-oriented even-keeled methodology,4994.15,155,Burton, Richard and Scott
PROD-00185,Integrated human-resource projection,1718.76,83,Mccall-Adams
PROD-00186,Managed static capability,3903.26,186,Walker, Spears and Reed
PROD-00187,Ergonomic zero administration Graphic Interface,,123,Alvarez Ltd
PROD-00188,Monitored leadingedge extranet,4526.75,96,Wright-Gomez
PROD-00189,Streamlined intermediate knowledge user,1880.64,188,Moody and Sons
PROD-00190,Robust next generation methodology,3867.73,170,Smith Group
PROD-00191;Quality-focused mobile capability;6207.35;66;Walsh LLC
PROD-00192,Quality-focused composite portal,3944.77,84,Rivera LLC
PROD-00193,Decentralized dynamic service-desk,1316.91,21,Wong-Randall
PROD-00194,Seamless 6thgeneration core,324.63,134,Brewer LLC
PROD-00195,Programmable responsive database,7179.89,97,Ford, Mcdonald and Klein
PROD-00196,Front-line intermediate projection,6058.13,181,Hooper-Henry
PROD-00197,Organized upward-trending toolset,148.6,131,Mckay-Aguilar
PROD-00198,Exclusive fresh-thinking workforce,4723.45,0,Brady Group
PROD-00199,Open-architected bifurcated moderator,2776.34,162,West, Bell and Sullivan
PROD-00200,Cross-platform radical matrices,1586.19,126,Daugherty, Parker and Kent
PROD-00201;Implemented exuding knowledge user;3083.07;148;Collins and Sons
PROD-00202,Vision-oriented web-enabled moratorium,6412.66,121,Clark, Heath and Wilson
PROD-00203,Grass-roots real-time framework,161.12,82,Bartlett, Thomas and Smith
PROD-00204,Down-sized tertiary migration,2064.52,28,Jimenez-Mccann
PROD-00205,Extended hybrid portal,1301.87,78,Mcdonald-Allen
PROD-00206,Right-sized mission-critical approach,7064.0,8,Moore, Jordan and Taylor
PROD-00207,Balanced contextually-based standardization,4187.78,167,Mckay-Smith
PROD-00208,Reverse-engineered eco-centric emulation,974.24,89,Simmons, Hubbard and Miller
PROD-00209,Enterprise-wide modular alliance,4927.59,143,Martinez, Howard and Castillo
PROD-00210,Reduced eco-centric strategy,5466.96,55,Luna Ltd
PROD-00211;Self-enabling bandwidth-monitored application;5659.26;120;Moreno, Waters and Castro
PROD-00212,Seamless 5thgeneration open system,4132.36,112,Baxter and Sons
PROD-00213,Configurable systematic firmware,848.61,158,Franklin, Jones and Lopez
PROD-00214,Progressive context-sensitive function,6232.05,185,Kerr PLC
PROD-00215,Switchable fault-tolerant firmware,1060.45,116,Ibarra-Williams
PROD-00216,Down-sized upward-trending synergy,5755.66,187,Mcintyre Inc
PROD-00217,Quality-focused system-worthy instruction set,4679.65,6,Jackson-Armstrong
PROD-00218,Seamless real-time utilization,2459.54,141,Hayes, Anderson and Ford
PROD-00219,Managed full-range success,5337.86,91,Walsh Inc
PROD-00220,Expanded heuristic hardware,3051.61,197,Clark, Willis and Collins
PROD-00221;Object-based actuating frame;4312.78;26;Johnson-Brown
PROD-00222,Advanced executive project,1105.93,137,Silva-Bright
PROD-00223,Intuitive secondary policy,1477.52,125,Wright-Vasquez
PROD-00224,Persevering reciprocal collaboration,6404.36,124,Sherman Inc
PROD-00225,Cross-platform disintermediate artificial intelligence,851.98,143,Gonzales-Matthews
PROD-00226,Intuitive national leverage,4695.37,48,Lee-Carroll
PROD-00227,Team-oriented systematic migration,5855.85,148,Smith LLC
PROD-00228,Reduced radical throughput,6025.06,74,Carney Group
PROD-00229,Ameliorated interactive infrastructure,2837.72,8,Olson-Carter
PROD-00230,Operative actuating methodology,830.35,140,Dawson, Adams and Scott
PROD-00231;Realigned actuating matrices;1439.1;36;Barnes PLC
PROD-00232,Open-architected national task-force,5553.13,52,Taylor-Peck
PROD-00233,Programmable discrete secured line,7457.19,3,Luna-Rodriguez
PROD-00234,Proactive regional Internet solution,6439.76,148,Andrews-Taylor
PROD-00235,Implemented actuating middleware,5331.86,72,Finley-Simpson
PROD-00236,Adaptive national concept,2422.91,34,Edwards-Ford
PROD-00237,Future-proofed bottom-line matrix,NULL,186,Lopez Ltd
PROD-00238,Total stable architecture,4418.48,92,Hall Ltd
PROD-00239,Secured bifurcated methodology,2360.32,159,Schmidt, Thomas and Turner
PROD-00240,Re-contextualized next generation approach,4650.29,49,Duncan-Soto
PROD-00241;Business-focused asymmetric leverage;1512.83;98;Gregory, Logan and Ferguson
PROD-00242,Organized radical benchmark,2255.19,56,Burnett Group
PROD-00243,Front-line content-based conglomeration,7595.94,161,Gonzalez Group
PROD-00244,Open-source full-range encryption,7177.84,63,Barry-Molina
PROD-00245,Open-architected dedicated protocol,3685.25,5,Mcdonald, Kelly and Dennis
PROD-00246,Virtual explicit hardware,2235.2,160,Craig-Williams
PROD-00247,Team-oriented bi-directional Internet solution,1711.6,107,Barnes, Dawson and Elliott
PROD-00248,Front-line foreground Graphical User Interface,2325.06,65,Hunt, Graham and Hogan
PROD-00249,Organized hybrid analyzer,2883.73,,Taylor, Kim and Jenkins
PROD-00250,Customer-focused coherent contingency,4148.55,6,Glenn, Jackson and Mcdonald
PROD-00251;Grass-roots modular encryption;3910.47;65;Scott, Nichols and Jackson
PROD-00252,Persevering bandwidth-monitored leverage,2804.36,12,Sanders Inc
PROD-00253,Managed discrete synergy,567.32,15,Serrano PLC
PROD-00254,Enhanced leadingedge emulation,7954.55,92,Forbes-Gonzalez
PROD-00255,Enhanced optimizing process improvement,N/A,148,Robinson-Ortiz
PROD-00256,Ameliorated maximized forecast,65.9,95,West Ltd
PROD-00257,Robust coherent workforce,1310.69,21,Horne, Huynh and Clark
PROD-00258,Multi-lateral heuristic projection,7920.68,53,Atkins and Sons
PROD-00259,Virtual empowering synergy,6516.49,8,Golden LLC
PROD-00260,Pre-emptive reciprocal portal,2214.3,84,Downs Ltd
PROD-00261;Innovative heuristic emulation;6685.37;182;Barrett-Decker
PROD-00262,Cross-platform multi-tasking open system,1376.55,18,Hester-Fisher
PROD-00263,Horizontal interactive groupware,2480.99,115,Taylor, Diaz and Hunter
PROD-00264,User-centric motivating methodology,6549.12,4,Roth and Sons
PROD-00265,Right-sized 24hour migration,7149.52,N/A,Turner, Rangel and Williams
PROD-00266,Re-engineered grid-enabled Internet solution,3644.69,194,Garcia, Smith and Castro
PROD-00267,Streamlined upward-trending Internet solution,NULL,21,York Ltd
PROD-00268,Innovative 24/7 solution,3205.06,133,Hubbard LLC
PROD-00269,Function-based tangible data-warehouse,139.5,28,Carey-Howell
PROD-00270,Managed background contingency,7330.22,,Hall-Haley
PROD-00271;Mandatory system-worthy time-frame;3120.13;9;Adams Group
PROD-00272,User-friendly needs-based capacity,6044.92,129,Jones, Nelson and Hill
PROD-00273,Focused contextually-based extranet,5229.6,156,Snyder, Anderson and Richard
PROD-00274,Virtual systematic hub,3600.26,161,Woods, Murphy and Conley
PROD-00275,Intuitive intermediate paradigm,3013.92,190,Freeman, Lopez and Wilson
PROD-00276,Persistent web-enabled forecast,857.29,186,Smith, Esparza and Griffin
PROD-00277,Automated local function,3497.6,53,Reed PLC
PROD-00278,Object-based empowering strategy,4548.6,135,Cunningham, Jordan and Tate
PROD-00279,Operative analyzing Local Area Network,7295.69,82,Lucas-Rollins
PROD-00280,Upgradable non-volatile data-warehouse,3452.46,196,Thompson Inc
PROD-00281;Front-line contextually-based capacity;4074.03;185;Anderson, Kemp and Wallace
PROD-00282,Expanded heuristic alliance,3266.61,6,Thompson, Hernandez and Williamson
PROD-00283,Integrated regional migration,4732.57,143,Salazar, Martinez and Mata
PROD-00284,Progressive 24hour capacity,1513.41,124,Bruce, Santos and Curtis
PROD-00285,Re-engineered eco-centric installation,6237.72,78,Thomas Inc
PROD-00286,Digitized local strategy,6894.48,66,Meza-Swanson
PROD-00287,Profit-focused intangible collaboration,6485.49,48,Jackson and Sons
PROD-00288,Intuitive impactful encoding,2469.81,154,Orozco, Reynolds and Garcia
PROD-00289,Multi-tiered reciprocal time-frame,5440.36,40,Chapman-Oconnor
PROD-00290,Automated value-added flexibility,6316.16,155,Miller, Hartman and Woods
PROD-00291;Digitized composite software;N/A;141;Lewis LLC
PROD-00292,Up-sized executive frame,2281.45,17,Doyle PLC
PROD-00293,Switchable tangible Internet solution,7625.0,99,Parsons-Jackson
PROD-00294,Open-source fault-tolerant superstructure,3887.7,8,Bullock and Sons
PROD-00295,Reverse-engineered uniform open system,1362.4,38,Page Ltd
PROD-00296,Multi-lateral zero administration open architecture,2265.7,65,Stewart-Morgan
PROD-00297,Persistent contextually-based time-frame,2349.96,199,Acosta LLC
PROD-00298,Horizontal upward-trending Internet solution,6930.84,127,Murillo Group
PROD-00299,Profit-focused demand-driven firmware,5280.03,147,Ward, Acevedo and Barrera
PROD-00300,Reactive bifurcated capacity,3911.3,2,Wright Ltd
PROD-00301;Inverse well-modulated success;341.61;65;Miller, Harris and Jones
PROD-00302,Reduced bifurcated circuit,3959.45,190,Gonzalez, Rios and Lee
PROD-00303,Adaptive transitional adapter,1372.93,160,Jackson-Mckee
PROD-00304,Quality-focused leadingedge superstructure,1202.6,166,Baker, Jackson and Hanson
PROD-00305,Digitized uniform hardware,725.66,95,Price, Myers and Owens
PROD-00306,Balanced zero administration approach,393.24,79,Dickerson Inc
PROD-00307,Reduced bi-directional functionalities,6110.77,156,Riley, Anderson and Banks
PROD-00308,Re-contextualized analyzing complexity,5434.73,181,Walker Group
PROD-00309,Robust cohesive frame,2385.45,154,Sanders Group
PROD-00310,Devolved high-level complexity,7140.78,113,Robinson, Nguyen and Jordan
PROD-00311;Up-sized scalable knowledge user;7755.2;61;Mccormick-Banks
PROD-00312,Fundamental 6thgeneration collaboration,194.03,185,Lee-Harmon
PROD-00313,Centralized tangible concept,3903.65,196,Adams LLC
PROD-00314,Distributed transitional installation,3807.9,81,Thomas-Larson
PROD-00315,Inverse encompassing standardization,7630.38,63,Atkinson-Rogers
PROD-00316,Cloned leadingedge benchmark,7537.3,190,Heath, Johnson and Fisher
PROD-00317,Virtual bottom-line leverage,2549.7,197,Clark, Boyer and Ward
PROD-00318,Expanded background access,5279.36,44,Baker, Wright and Jimenez
PROD-00319,User-friendly local alliance,4623.82,125,Williams PLC
PROD-00320,Expanded homogeneous framework,3329.3,54,Walker, Pierce and Tyler
PROD-00321;Centralized web-enabled support;1439.34;146;Hayes, Oneal and Huff
PROD-00322,Self-enabling scalable superstructure,2642.69,33,Paul and Sons
PROD-00323,Digitized radical toolset,1071.55,82,Roberts, Perez and Shea
PROD-00324,Multi-channeled 24/7 productivity,318.94,79,Jones and Sons
PROD-00325,Implemented actuating secured line,1123.31,118,Garcia-Turner
PROD-00326,Streamlined contextually-based Graphical User Interface,7606.55,75,Doyle-Rivera
PROD-00327,Customizable static service-desk,4046.46,9,Thompson-Chambers
PROD-00328,Right-sized explicit moratorium,1942.84,133,Scott, Roberts and Stone
PROD-00329,Operative solution-oriented secured line,2899.04,125,Marquez-Edwards
PROD-00330,Intuitive systematic middleware,6991.77,87,Barnes-Mcneil
PROD-00331;Phased multi-tasking throughput;6277.25;187;Martinez-Davis
PROD-00332,Ameliorated mobile groupware,5435.47,13,Conner Inc
PROD-00333,Persevering 24/7 process improvement,2603.35,75,Acevedo Group
PROD-00334,Intuitive mobile frame,3293.3,68,Smith-Johnson
PROD-00335,Reduced solution-oriented open architecture,1571.32,0,Bradshaw, Hess and Cruz
PROD-00336,Optional asynchronous architecture,5575.44,62,Sutton, Ellis and Mckinney
PROD-00337,Ameliorated real-time matrices,7476.66,55,Lee-Jenkins
PROD-00338,Centralized static functionalities,362.16,90,Herrera-Winters
PROD-00339,Compatible methodical monitoring,6199.6,80,Lamb and Sons
PROD-00340,Automated composite implementation,1889.17,167,Murphy-Oliver
PROD-00341;Polarized explicit Graphic Interface;1941.21;143;Jarvis-Martinez
PROD-00342,Managed 3rdgeneration database,3367.3,193,Nguyen Inc
PROD-00343,Enterprise-wide reciprocal productivity,6572.17,164,Smith-Fox
PROD-00344,Managed heuristic leverage,248.69,133,Castro and Sons
PROD-00345,Cross-group motivating secured line,5032.59,60,Smith Group
PROD-00346,Expanded optimizing archive,3067.88,46,Frederick-Rose
PROD-00347,Fully-configurable real-time throughput,5042.68,138,Weaver Ltd
PROD-00348,Customizable coherent Graphic Interface,7569.11,5,Lozano, Edwards and Pearson
PROD-00349,Managed stable complexity,4823.1,61,Owen Ltd
PROD-00350,Organic optimizing monitoring,6114.23,196,Benitez-Anderson
PROD-00351;Object-based transitional hub;6141.35;164;Dixon, Sawyer and Ryan
PROD-00352,Visionary tertiary contingency,2543.97,18,Boyle Inc
PROD-00353,User-friendly optimizing open system,6641.21,40,Thomas-Snyder
PROD-00354,Focused tangible Graphical User Interface,368.2,99,Lewis-Rodriguez
PROD-00355,Networked radical hierarchy,3869.93,176,Thomas PLC
PROD-00356,Extended multi-state collaboration,2969.6,198,Hardy, Rodriguez and Miller
PROD-00357,Mandatory incremental structure,7509.16,143,Yang and Sons
PROD-00358,Horizontal asymmetric knowledgebase,N/A,150,Merritt and Sons
PROD-00359,Pre-emptive even-keeled alliance,382.48,57,Haynes Ltd
PROD-00360,Vision-oriented system-worthy intranet,2665.17,151,Garcia-Calderon
PROD-00361;Switchable holistic protocol;1443.54;33;Gross, Richardson and Mack
PROD-00362,Organic didactic paradigm,5372.6,149,Hayden-Sullivan
PROD-00363,Front-line stable infrastructure,1545.85,129,Adams, Evans and Clark
PROD-00364,Visionary empowering orchestration,1074.43,152,Wilson-Paul
PROD-00365,Sharable radical standardization,5324.75,112,Jordan PLC
PROD-00366,Ameliorated explicit projection,2669.39,99,Griffin-Hutchinson
PROD-00367,Robust modular interface,2408.31,160,Clayton-Holland
PROD-00368,Ergonomic transitional migration,5278.77,172,Weber, Baxter and Roberts
PROD-00369,Multi-layered interactive knowledge user,7522.6,19,Hudson, Clay and Hernandez
PROD-00370,Object-based maximized approach,5022.52,123,Garner, Barrett and Dominguez
PROD-00371;Cloned interactive service-desk;1343.65;33;Diaz Inc
PROD-00372,Implemented motivating emulation,5471.76,110,Whitaker-Acevedo
PROD-00373,Reactive asynchronous encoding,7687.63,143,Martin-Robles
PROD-00374,Virtual modular adapter,,65,Sanchez, Thompson and Brown
PROD-00375,Team-oriented discrete instruction set,1330.86,,Morris-Barrera
PROD-00376,Fundamental neutral secured line,3735.91,99,Ford, Brown and Moses
PROD-00377,Inverse context-sensitive flexibility,7574.05,85,Perez, Jones and Walton
PROD-00378,Synchronized methodical info-mediaries,4487.43,86,Winters, Evans and Lopez
PROD-00379,Re-engineered fault-tolerant project,3182.17,122,Kirk-Turner
PROD-00380,Synergistic tangible encryption,4000.3,0,Johns Ltd
PROD-00381;Monitored eco-centric knowledge user;132.1;77;Miller Group
PROD-00382,Cloned empowering interface,3785.25,115,Simpson, Erickson and Adams
PROD-00383,Proactive even-keeled algorithm,7229.17,87,Allen, Miller and Moore
PROD-00384,Persevering empowering hierarchy,1903.49,79,Thomas, Simpson and Ramirez
PROD-00385,Sharable disintermediate definition,296.94,91,Rodriguez-Chavez
PROD-00386,Extended dynamic solution,7519.51,11,Cox-Smith
PROD-00387,Digitized next generation parallelism,6997.46,,Dean-Ruiz
PROD-00388,Multi-channeled multi-tasking database,4417.92,188,Perry PLC
PROD-00389,Proactive context-sensitive initiative,227.02,143,Martin Group
PROD-00390,Virtual human-resource circuit,4910.24,85,Wall, Lewis and Jackson
PROD-00391;Open-architected bi-directional pricing structure;5964.12;153;Rich-Macias
PROD-00392,Seamless client-server ability,7505.2,12,Brown, Thompson and Williams
PROD-00393,Reduced system-worthy attitude,861.12,176,Martinez-Barry
PROD-00394,Organized 5thgeneration firmware,1951.14,108,Hoover, Strickland and Young
PROD-00395,Progressive content-based application,5964.94,60,Carrillo PLC
PROD-00396,Implemented fresh-thinking artificial intelligence,3692.4,111,Green and Sons
PROD-00397,Realigned interactive Internet solution,930.44,8,Hoffman, Peterson and Kane
PROD-00398,Managed bifurcated groupware,1150.2,10,Chen, Woods and Swanson
PROD-00399,Polarized 6thgeneration function,1033.83,98,Yoder-Lee
PROD-00400,Programmable intermediate task-force,6712.91,6,Cabrera LLC
PROD-00401;Optimized full-range challenge;4542.34;73;Simon-Lee
PROD-00402,Horizontal multi-tasking Internet solution,106.54,16,Orr-Whitaker
PROD-00403,Organized neutral hierarchy,2682.65,64,Aguilar PLC
PROD-00404,Triple-buffered upward-trending capacity,6162.32,61,Ford-Freeman
PROD-00405,Virtual attitude-oriented concept,7653.7,78,Moreno-Price
PROD-00406,Managed mission-critical alliance,1648.6,130,Mcdowell-Stanton
PROD-00407,Persistent client-driven secured line,7400.25,180,Baker, Carpenter and Hughes
PROD-00408,Progressive interactive challenge,2094.99,107,Lawrence, Gould and Gilbert
PROD-00409,Total zero administration parallelism,421.13,8,Gordon-Brown
PROD-00410,Multi-lateral national neural-net,321.06,109,Cruz PLC
PROD-00411;Synchronized bi-directional support;2808.64;171;Williams-Arnold
PROD-00412,Configurable 3rdgeneration protocol,3097.96,135,Adkins, Alvarez and Sanchez
PROD-00413,Up-sized regional info-mediaries,5236.74,96,Cruz PLC
PROD-00414,Progressive zero administration Internet solution,2779.92,87,Summers, Flores and Gibson
PROD-00415,Expanded 3rdgeneration model,6612.67,117,Wright LLC
PROD-00416,Streamlined clear-thinking functionalities,7637.99,114,Frank PLC
PROD-00417,Persistent multimedia core,4466.97,1,Brown, Martinez and Jones
PROD-00418,Streamlined zero administration capability,5578.4,64,Griffin and Sons
PROD-00419,Reverse-engineered contextually-based superstructure,4564.44,185,Long-Boyd
PROD-00420,Fundamental foreground protocol,7893.51,26,Barnes, Wade and Henry
PROD-00421;Upgradable multi-state forecast;6246.22;15;Wall and Sons
PROD-00422,Ameliorated 24/7 adapter,2489.36,21,Stephens Group
PROD-00423,Virtual 4thgeneration Graphic Interface,2531.05,74,Collins LLC
PROD-00424,Customizable optimizing attitude,4269.82,150,Williams, Henry and Barnes
PROD-00425,Visionary zero tolerance portal,3753.23,58,Jimenez, Yoder and Harris
PROD-00426,Multi-tiered explicit website,6737.73,144,Kim, Mendoza and Perez
PROD-00427,Total directional installation,6628.98,169,Potter-Taylor
PROD-00428,Up-sized encompassing alliance,4971.64,129,Robbins PLC
PROD-00429,Assimilated uniform frame,1480.67,185,Peters-Sloan
PROD-00430,Multi-tiered global paradigm,7479.01,112,Velasquez, Rodriguez and Page
PROD-00431;Grass-roots human-resource Internet solution;5460.34;25;Craig Inc
PROD-00432,Re-engineered mission-critical firmware,1924.0,167,Brown, Wilson and Anderson
PROD-00433,Reverse-engineered fresh-thinking capability,95.04,138,Campbell, Hamilton and Mann
PROD-00434,Horizontal composite conglomeration,588.82,15,Lee, Martin and Thomas
PROD-00435,Open-architected bifurcated model,5410.07,168,Hood, Little and Garcia
PROD-00436,Extended 6thgeneration time-frame,6102.92,97,Keller PLC
PROD-00437,Programmable explicit instruction set,7025.2,96,Carson-Sandoval
PROD-00438,Reactive system-worthy artificial intelligence,5148.26,152,Hernandez, Roberts and Roberts
PROD-00439,Object-based secondary focus group,,86,Phillips, Stanley and Barton
PROD-00440,Right-sized dedicated forecast,6520.58,NULL,Collins-James
PROD-00441;Enhanced real-time success;5053.73;19;Liu Inc
PROD-00442,Reactive mission-critical database,1602.56,27,Williams Ltd
PROD-00443,Profound zero administration policy,3353.17,150,Lopez, Mercado and Garcia
PROD-00444,Implemented logistical task-force,1305.1,79,Hendricks Inc
PROD-00445,Grass-roots dedicated adapter,N/A,83,Knight Ltd
PROD-00446,Up-sized asymmetric ability,164.05,162,Anthony Ltd
PROD-00447,Robust stable open system,2638.55,64,Bell LLC
PROD-00448,Devolved 3rdgeneration collaboration,173.03,NULL,Bridges, Bauer and Hughes
PROD-00449,Versatile real-time middleware,1979.57,148,Lutz, Dillon and Barnett
PROD-00450,Triple-buffered zero tolerance algorithm,984.74,8,Stevens, Young and Alvarado
PROD-00451;Implemented tangible approach;2678.73;125;Bennett-White
PROD-00452,Upgradable cohesive neural-net,5473.83,11,Daniel, Chapman and Davis
PROD-00453,Open-architected cohesive open system,1956.88,162,Summers, Wilson and Webb
PROD-00454,Distributed coherent intranet,NULL,155,Pierce-Schultz
PROD-00455,Future-proofed web-enabled secured line,2241.97,70,Wilkerson, Holloway and Kline
PROD-00456,Public-key reciprocal analyzer,2701.54,198,Whitaker, Barnett and Farley
PROD-00457,Integrated systemic installation,2868.33,164,Tyler LLC
PROD-00458,Virtual explicit capacity,438.1,3,Porter Ltd
PROD-00459,Progressive radical attitude,6796.2,49,Jordan LLC
PROD-00460,Networked contextually-based archive,4097.71,0,White-Snow
PROD-00461;Fundamental hybrid neural-net;6361.17;122;Leonard, Perez and Barry
PROD-00462,Automated logistical solution,152.85,97,Stone, Sanders and Ramsey
PROD-00463,Progressive upward-trending product,5766.79,4,Shelton Group
PROD-00464,Synchronized demand-driven Graphical User Interface,1738.62,199,Turner-Wiggins
PROD-00465,Phased zero tolerance instruction set,3349.45,194,Clark-Wade
PROD-00466,Managed asymmetric ability,1406.82,151,Phelps, Oconnor and Garrett
PROD-00467,Re-engineered client-driven secured line,5680.92,176,Bryan-Horton
PROD-00468,Cross-group real-time product,1361.75,115,Warren, Carter and Bailey
PROD-00469,Multi-layered logistical projection,6899.19,32,Jones Inc
PROD-00470,Configurable stable adapter,2605.03,50,Gillespie and Sons
PROD-00471;Right-sized multi-tasking collaboration;2027.8;94;Taylor-Chambers
PROD-00472,Future-proofed multi-state complexity,2804.98,87,Lopez-Walker
PROD-00473,Phased value-added ability,3404.87,96,Barr-Smith
PROD-00474,Persevering client-driven knowledgebase,7451.74,25,Riddle-Moore
PROD-00475,Monitored dedicated complexity,3331.66,134,Brooks, Simon and Lewis
PROD-00476,Quality-focused radical circuit,3616.2,24,Long-Medina
PROD-00477,Synergized 6thgeneration leverage,6437.47,89,Peterson-Hanson
PROD-00478,User-centric clear-thinking parallelism,5917.75,142,Russo, Bennett and Wright
PROD-00479,Business-focused 24/7 workforce,2954.66,30,Torres PLC
PROD-00480,Public-key leadingedge superstructure,2416.13,12,Hill, Bryant and Austin
PROD-00481;Configurable mission-critical secured line;3330.0;169;Russo, Fleming and Haynes
PROD-00482,Down-sized context-sensitive interface,836.4,136,Francis PLC
PROD-00483,Enterprise-wide attitude-oriented capability,7176.46,11,Bowman, Nguyen and Black
PROD-00484,Business-focused systemic benchmark,1512.9,93,Anthony Ltd
PROD-00485,Vision-oriented intangible capacity,2302.69,33,Goodman PLC
PROD-00486,Upgradable explicit time-frame,6135.59,17,Henderson-Gordon
PROD-00487,Phased content-based secured line,4649.85,135,Marquez Group
PROD-00488,Synergistic bi-directional hierarchy,6696.35,115,Haley, Brown and Bennett
PROD-00489,Sharable needs-based benchmark,4352.56,180,Martinez and Sons
PROD-00490,Customizable methodical structure,4342.94,168,Robinson-Ball
PROD-00491;Persevering web-enabled middleware;6767.74;174;Wiggins-Williams
PROD-00492,Public-key 6thgeneration support,4706.13,39,Hinton, Jones and Drake
PROD-00493,Total asynchronous capability,5587.49,115,Richmond, Mclaughlin and Whitaker
PROD-00494,Versatile systematic approach,3889.98,128,Aguirre, Howard and Tucker
PROD-00495,Public-key tertiary challenge,3901.12,32,Nixon-Rose
PROD-00496,Face-to-face mission-critical instruction set,6856.35,0,Cobb-Clark
PROD-00497,Upgradable regional complexity,6792.98,171,Young-Higgins
PROD-00498,Up-sized 24/7 customer loyalty,4229.92,118,Johnson-Larsen
PROD-00499,Total motivating instruction set,5867.29,177,Andrews-Williams
PROD-00500,Re-contextualized foreground concept,5906.39,186,Mccoy, Hines and Valdez
